{
  "model_name": "RandomForest",
  "best_params": {
    "n_estimators": 200,
    "max_depth": 16,
    "min_samples_split": 6,
    "min_samples_leaf": 4,
    "max_features": "None"
  },
  "best_cv_score": 0.9231395181693802,
  "test_f1": 0.9333333333333333,
  "test_recall": 0.8974358974358975,
  "n_trials": 50,
  "timestamp": "20251219_095436"
}