{
  "model_name": "XGBoost",
  "best_params": {
    "n_estimators": 487,
    "max_depth": 8,
    "learning_rate": 0.19265640527744937,
    "subsample": 0.5121573992610218,
    "colsample_bytree": 0.8936221864929604,
    "min_child_weight": 1,
    "gamma": 0.3271102789427494,
    "reg_alpha": 0.0029151336209232823,
    "reg_lambda": 1.6711318902751935e-08
  },
  "best_cv_score": 0.955262953542365,
  "test_f1": 0.96,
  "test_recall": 0.9230769230769231,
  "n_trials": 50,
  "timestamp": "20251219_095436"
}