{
  "model_name": "LogisticRegression",
  "best_params": {
    "solver": "liblinear",
    "penalty": "l1",
    "max_iter": 2000,
    "C": 0.01
  },
  "best_cv_score": 0.9584358779210007,
  "test_metrics": {
    "accuracy": 0.999,
    "precision": 1.0,
    "recall": 0.9487179487179487,
    "f1": 0.9736842105263158
  },
  "confusion_matrix": [
    [
      1961,
      0
    ],
    [
      2,
      37
    ]
  ],
  "timestamp": "20251219_094134"
}