{
  "timestamp": "20251219_094134",
  "scoring_metric": "f1",
  "n_cv_splits": 5,
  "n_iterations": 50,
  "models": [
    "LogisticRegression",
    "RandomForest",
    "XGBoost"
  ],
  "best_scores": {
    "LogisticRegression": {
      "cv_score": 0.9584358779210007,
      "f1": 0.9736842105263158,
      "recall": 0.9487179487179487
    },
    "RandomForest": {
      "cv_score": 0.9363359991077967,
      "f1": 0.8780487804878049,
      "recall": 0.9230769230769231
    },
    "XGBoost": {
      "cv_score": 0.9550478997789241,
      "f1": 0.96,
      "recall": 0.9230769230769231
    }
  }
}