{
  "model_name": "RandomForest",
  "best_params": {
    "n_estimators": 500,
    "min_samples_split": 15,
    "min_samples_leaf": 1,
    "max_features": null,
    "max_depth": 5,
    "bootstrap": true
  },
  "best_cv_score": 0.9363359991077967,
  "test_metrics": {
    "accuracy": 0.995,
    "precision": 0.8372093023255814,
    "recall": 0.9230769230769231,
    "f1": 0.8780487804878049
  },
  "confusion_matrix": [
    [
      1954,
      7
    ],
    [
      3,
      36
    ]
  ],
  "timestamp": "20251219_094134"
}